file,fact-score,insights
after-2,1.0,9
before-1,1.0,4
after-3,0.8461538461538461,13
after-0,0.6666666666666666,3
