file,fact-score,insights
after-5,0.9166666666666666,12
after-4,0.8666666666666667,15
after-2,1.0,5
after-6,0.7777777777777778,9
before-0,1.0,4
after-1,0.6,10
before-1,0.8,5
after-3,0.9375,16
after-0,0.8333333333333334,12
