file,fact-score,insights
after-5,0.6666666666666666,6
after-4,0.8181818181818182,11
after-2,1.0,7
before-2,1.0,2
before-0,0.7777777777777778,9
after-1,1.0,7
before-1,0.9230769230769231,13
after-3,1.0,7
after-0,0.55,20
