file,fact-score,insights
after-2,0.9,10
before-2,0.8333333333333334,6
before-0,1.0,7
after-1,0.9,20
before-1,1.0,14
after-0,0.8333333333333334,12
