file,fact-score,insights
after-2,0.8571428571428571,7
before-0,1.0,4
after-1,0.7777777777777778,9
after-0,0.8,5
