file,fact-score,insights
after-5,0.875,8
after-4,0.9375,16
after-2,1.0,8
after-6,1.0,9
after-8,0.8888888888888888,9
before-0,0.9166666666666666,12
after-1,0.9166666666666666,12
before-1,0.6666666666666666,3
after-3,1.0,6
after-0,0.875,8
after-7,0.8666666666666667,15
