file,fact-score,insights
before-2,0.6666666666666666,3
after-1,0.8888888888888888,36
before-3,1.0,9
after-0,1.0,5
