file,fact-score,insights
after-5,1.0,6
after-4,0.9166666666666666,12
after-2,1.0,4
before-2,1.0,5
before-4,0.9090909090909091,11
before-0,0.875,8
after-1,0.9,10
before-3,0.9285714285714286,14
before-1,1.0,7
after-3,1.0,5
after-0,0.8181818181818182,11
