file,fact-score,insights
after-5,1.0,4
after-4,1.0,6
after-2,1.0,8
after-6,1.0,14
after-1,1.0,10
before-1,0.8333333333333334,12
after-3,0.8333333333333334,6
after-0,1.0,16
after-7,0.9411764705882353,17
