file,fact-score,insights
after-2,1.0,4
before-0,1.0,10
after-1,0.6666666666666666,6
before-1,0.5,2
after-3,1.0,6
after-0,0.8888888888888888,18
