file,fact-score,insights
after-5,0.7777777777777778,9
after-4,1.0,3
after-2,0.9166666666666666,12
before-2,1.0,1
before-0,0.875,8
after-1,0.8333333333333334,18
before-1,0.9230769230769231,13
after-3,0.625,8
after-0,0.8,10
