file,fact-score,insights
after-5,1.0,2
after-4,1.0,7
after-2,1.0,3
before-2,1.0,3
after-6,0.8666666666666667,15
after-8,1.0,2
before-0,0.8333333333333334,12
after-1,0.75,4
before-1,0.8888888888888888,9
after-3,1.0,2
after-0,1.0,2
after-7,0.875,16
