file,fact-score,insights
after-5,1.0,2
after-4,0.9166666666666666,12
before-0,0.0,3
after-1,0.9166666666666666,12
before-3,1.0,15
before-1,0.9285714285714286,14
after-3,0.5,2
after-0,1.0,1
