file,fact-score,insights
after-5,0.7777777777777778,9
after-4,0.9090909090909091,11
after-2,1.0,1
after-6,0.8,10
before-0,0.6666666666666666,6
after-1,0.8888888888888888,9
before-1,1.0,3
after-3,0.875,8
after-0,0.9166666666666666,12
