file,fact-score,insights
after-5,0.8571428571428571,7
after-4,0.8333333333333334,6
after-2,0.7,10
before-2,0.8235294117647058,17
after-6,0.875,24
after-1,0.8235294117647058,17
before-1,1.0,3
after-3,0.5,6
after-0,0.75,12
after-7,0.7857142857142857,14
