file,fact-score,insights
after-5,1.0,4
after-4,0.8571428571428571,28
after-2,1.0,6
before-2,1.0,5
after-6,1.0,6
after-8,0.6666666666666666,6
before-0,0.8,10
after-1,0.9411764705882353,17
before-1,1.0,7
after-3,0.6666666666666666,3
after-0,0.9,10
after-7,0.8,5
