file,fact-score,insights
after-4,0.9285714285714286,14
after-2,1.0,15
before-0,0.8947368421052632,19
before-1,0.9,10
after-3,1.0,5
after-0,0.8125,16
