file,fact-score,insights
after-2,0.9333333333333333,15
before-0,0.8333333333333334,6
after-1,1.0,9
before-1,1.0,6
after-0,1.0,2
