file,fact-score,insights
after-5,0.9090909090909091,11
after-4,0.9473684210526315,19
after-2,0.8333333333333334,12
before-2,1.0,1
before-4,1.0,4
after-6,0.75,16
before-0,1.0,1
after-1,0.7857142857142857,14
before-3,0.5714285714285714,7
before-1,1.0,2
after-3,0.6666666666666666,9
after-0,0.8235294117647058,17
after-7,1.0,1
