file,fact-score,insights
after-5,0.9230769230769231,13
after-4,1.0,17
after-2,0.8235294117647058,17
before-2,1.0,1
before-4,1.0,5
after-6,0.9047619047619048,21
before-0,0.8333333333333334,6
after-1,0.8181818181818182,11
before-3,0.9,10
before-1,1.0,9
after-3,0.8888888888888888,9
after-0,1.0,9
after-7,1.0,3
