file,fact-score,insights
after-5,1.0,1
after-4,0.7894736842105263,19
after-2,1.0,12
before-2,1.0,4
after-6,0.8333333333333334,6
before-0,0.3333333333333333,3
after-1,1.0,7
before-1,1.0,1
after-3,0.9230769230769231,13
after-0,0.7142857142857143,7
after-7,1.0,3
