file,fact-score,insights
after-4,1.0,4
after-2,0.8571428571428571,7
before-0,0.6666666666666666,6
after-1,1.0,3
before-1,1.0,3
after-3,0.6666666666666666,3
after-0,0.75,4
