file,fact-score,insights
after-5,1.0,9
after-4,0.8888888888888888,9
after-2,0.8181818181818182,11
before-2,0.9090909090909091,11
before-0,0.9230769230769231,13
after-1,1.0,11
before-1,0.875,8
after-0,1.0,6
