file,fact-score,insights
after-5,1.0,15
after-4,0.75,4
after-2,0.8,10
before-2,0.75,4
after-6,0.75,4
before-0,0.7777777777777778,9
after-1,0.75,12
before-1,0.8888888888888888,18
after-3,0.9090909090909091,22
after-0,0.9333333333333333,15
