file,fact-score,insights
after-5,1.0,7
after-4,0.8571428571428571,7
after-2,0.75,8
before-2,1.0,4
after-6,1.0,9
before-0,0.8888888888888888,9
after-1,1.0,6
before-1,0.8888888888888888,9
after-3,1.0,6
after-0,1.0,9
