file,fact-score,insights
after-5,1.0,4
after-4,1.0,11
after-2,1.0,3
before-0,0.9090909090909091,11
after-1,0.8333333333333334,6
before-1,1.0,15
after-3,1.0,3
