file,fact-score,insights
after-5,0.9375,16
after-4,1.0,9
after-2,0.9166666666666666,12
before-2,1.0,5
before-4,1.0,12
after-6,1.0,11
before-0,0.9285714285714286,28
after-1,0.8947368421052632,19
before-3,1.0,4
before-1,1.0,12
after-3,0.9,10
after-0,1.0,4
after-7,0.8,10
