file,fact-score,insights
after-5,0.75,8
after-4,0.75,8
after-2,1.0,4
before-2,1.0,6
before-4,1.0,5
after-6,0.8181818181818182,11
before-0,1.0,1
after-1,0.8888888888888888,9
before-3,1.0,2
after-3,0.9333333333333333,15
after-0,0.8823529411764706,17
after-7,1.0,9
