file,fact-score,insights
after-5,1.0,9
after-2,0.5714285714285714,7
before-2,0.8571428571428571,7
after-6,1.0,8
before-0,1.0,11
after-1,0.8571428571428571,7
before-3,1.0,12
before-1,0.6666666666666666,3
after-0,1.0,10
