file,fact-score,insights
after-2,1.0,13
before-0,0.7272727272727273,11
after-1,0.9,10
after-3,0.8888888888888888,9
after-0,1.0,4
