file,fact-score,insights
after-5,1.0,7
after-4,0.8333333333333334,6
after-2,0.8333333333333334,6
before-1,0.8,5
after-3,0.0,1
