file,fact-score,insights
before-2,0.9333333333333333,15
before-0,1.0,1
after-1,0.8333333333333334,6
after-0,1.0,4
