file,fact-score,insights
after-4,1.0,6
after-2,0.7777777777777778,9
before-0,0.8888888888888888,9
after-3,1.0,5
after-0,0.9090909090909091,11
