file,fact-score,insights
after-5,0.8571428571428571,7
after-4,0.6956521739130435,23
after-2,1.0,3
before-2,1.0,5
before-0,0.8333333333333334,6
after-1,1.0,7
before-1,1.0,6
after-3,0.9,10
after-0,1.0,4
