file,fact-score,insights
after-5,0.875,16
after-2,0.9090909090909091,11
before-2,1.0,1
before-4,1.0,14
after-6,0.85,20
before-0,1.0,1
after-1,1.0,14
before-3,0.6923076923076923,26
after-7,1.0,6
