file,fact-score,insights
before-2,0.8333333333333334,12
before-0,0.875,8
before-3,1.0,2
before-1,1.0,1
after-3,0.75,8
after-0,0.8333333333333334,6
