file,fact-score,insights
after-2,1.0,9
before-0,1.0,11
after-1,1.0,4
before-1,0.7272727272727273,11
after-3,0.7777777777777778,9
after-0,1.0,9
