file,fact-score,insights
after-5,1.0,15
after-4,0.9090909090909091,11
after-2,0.8125,16
before-2,1.0,3
after-6,0.9090909090909091,11
before-0,0.967741935483871,31
after-1,0.5555555555555556,18
before-1,1.0,16
after-3,1.0,13
after-0,0.6363636363636364,11
