file,fact-score,insights
after-4,1.0,8
after-2,0.5454545454545454,11
before-0,0.9090909090909091,11
after-1,1.0,5
before-1,1.0,6
after-3,1.0,2
after-0,1.0,8
