file,fact-score,insights
after-5,1.0,30
after-4,0.8333333333333334,6
after-2,0.8,5
after-6,0.3333333333333333,3
before-0,0.8181818181818182,11
after-1,0.9,10
before-1,1.0,4
after-3,1.0,2
after-0,1.0,3
after-7,0.625,8
