file,fact-score,insights
after-5,0.8333333333333334,6
after-4,1.0,11
after-2,0.9,10
before-2,0.8,10
after-6,0.8571428571428571,7
before-0,1.0,8
after-1,0.6666666666666666,12
before-1,1.0,4
after-3,0.9285714285714286,14
after-0,0.9333333333333333,15
after-7,1.0,11
