file,fact-score,insights
after-5,0.8333333333333334,6
after-4,0.9230769230769231,13
after-2,0.8,5
before-2,0.6666666666666666,3
before-4,1.0,3
after-6,0.7777777777777778,9
before-0,1.0,1
after-1,0.8571428571428571,7
before-3,1.0,2
before-1,1.0,2
after-3,0.8095238095238095,21
after-0,0.9166666666666666,12
after-7,0.8,10
