file,fact-score,insights
after-5,0.9090909090909091,11
after-4,0.8,5
after-2,1.0,8
after-6,0.8888888888888888,9
before-0,0.9375,16
after-1,1.0,10
before-1,1.0,7
after-3,0.8333333333333334,6
after-0,1.0,5
after-7,0.8666666666666667,15
