file,fact-score,insights
before-0,1.0,12
after-1,0.8461538461538461,13
before-1,1.0,5
after-0,0.8333333333333334,6
