file,fact-score,insights
after-5,1.0,7
after-4,0.9090909090909091,11
after-2,0.7333333333333333,15
after-6,1.0,8
before-0,1.0,10
after-1,1.0,8
before-1,1.0,21
after-0,1.0,3
after-7,0.9230769230769231,13
