file,fact-score,insights
after-4,0.8181818181818182,11
after-2,0.9166666666666666,12
before-0,0.3333333333333333,6
after-1,0.8333333333333334,6
before-3,1.0,3
before-1,0.6666666666666666,6
after-3,1.0,4
after-0,1.0,4
