file,fact-score,insights
after-5,0.8,10
after-4,0.8181818181818182,11
after-2,0.8571428571428571,7
before-2,0.0,3
before-0,1.0,12
after-1,0.9444444444444444,18
before-1,1.0,1
after-3,1.0,8
after-0,1.0,5
