file,fact-score,insights
after-5,1.0,5
after-4,0.9285714285714286,14
after-2,0.8333333333333334,6
before-2,0.875,8
after-6,0.9285714285714286,14
before-0,1.0,7
after-1,0.8571428571428571,14
before-1,1.0,12
after-3,0.9230769230769231,13
after-0,0.75,8
after-7,0.5714285714285714,7
