file,fact-score,insights
after-5,1.0,11
after-4,1.0,12
after-2,1.0,3
before-2,1.0,6
after-6,0.8571428571428571,7
before-0,1.0,1
after-1,0.8,5
before-1,0.6,5
after-3,1.0,3
after-0,0.8333333333333334,6
after-7,0.9166666666666666,12
