file,fact-score,insights
after-5,0.9,20
after-4,0.8333333333333334,12
after-2,0.875,8
after-6,1.0,10
before-0,1.0,3
after-1,1.0,14
before-1,1.0,5
after-3,1.0,14
after-0,0.8888888888888888,9
