file,fact-score,insights
after-5,0.8,10
after-4,0.875,8
after-2,1.0,4
before-2,0.75,4
before-0,1.0,9
after-1,0.9090909090909091,11
before-1,1.0,4
after-3,0.7,10
after-0,0.9090909090909091,11
