file,fact-score,insights
after-4,0.9230769230769231,13
after-2,0.8461538461538461,13
before-2,0.8,5
before-0,0.875,8
after-1,1.0,10
before-3,1.0,5
before-1,0.7142857142857143,7
after-3,1.0,9
after-0,1.0,10
