file,fact-score,insights
after-5,0.9333333333333333,15
after-4,1.0,1
after-2,1.0,10
before-2,0.9444444444444444,18
after-6,0.5,2
after-1,1.0,8
before-1,1.0,25
after-3,0.9090909090909091,11
