file,fact-score,insights
before-2,0.8333333333333334,6
before-0,1.0,5
after-1,0.7777777777777778,9
before-1,1.0,12
after-0,1.0,3
