file,fact-score,insights
after-4,1.0,11
after-2,0.875,16
before-0,1.0,6
after-1,0.8571428571428571,14
before-1,1.0,10
after-3,1.0,14
after-0,0.9230769230769231,13
