file,fact-score,insights
after-4,1.0,3
after-2,0.9090909090909091,11
before-0,1.0,3
after-1,0.875,8
before-1,0.8888888888888888,9
after-3,0.375,8
after-0,0.6666666666666666,12
