file,fact-score,insights
after-5,1.0,10
after-4,0.7777777777777778,9
after-2,1.0,6
before-2,0.875,8
after-6,0.75,12
before-0,1.0,5
after-1,1.0,4
before-3,1.0,1
before-1,0.8461538461538461,13
after-3,0.8888888888888888,9
after-0,1.0,1
after-7,0.6666666666666666,12
