file,fact-score,insights
after-5,0.9285714285714286,14
after-2,0.8235294117647058,17
after-6,0.9166666666666666,12
before-0,0.75,8
after-1,1.0,6
before-1,0.3333333333333333,3
after-3,1.0,6
after-0,1.0,2
