file,fact-score,insights
after-4,1.0,8
after-2,1.0,4
before-2,1.0,14
before-0,0.8571428571428571,14
after-1,0.8333333333333334,6
after-3,1.0,7
after-0,1.0,13
