file,fact-score,insights
after-2,1.0,15
before-2,1.0,5
before-0,1.0,6
after-1,0.8888888888888888,9
before-1,1.0,6
after-0,0.9285714285714286,14
