file,fact-score,insights
after-2,1.0,2
before-0,0.9166666666666666,12
after-1,1.0,8
before-1,0.9090909090909091,11
after-3,0.7272727272727273,11
after-0,0.8,5
