file,fact-score,insights
after-5,1.0,4
after-4,0.9285714285714286,14
after-2,1.0,6
after-6,0.875,8
before-0,0.9,20
after-1,0.9333333333333333,15
before-1,1.0,8
after-3,0.9,10
after-0,0.8,10
