file,fact-score,insights
after-2,0.6666666666666666,3
before-2,0.7777777777777778,9
before-4,1.0,13
after-1,0.6363636363636364,11
before-3,1.0,4
before-1,0.6666666666666666,3
after-3,1.0,3
after-0,1.0,8
