file,fact-score,insights
after-5,1.0,2
before-7,1.0,7
after-4,0.9090909090909091,11
after-2,0.9285714285714286,14
before-2,1.0,6
before-4,0.75,16
after-6,1.0,4
before-0,1.0,2
after-1,1.0,11
before-5,0.9,10
before-6,1.0,3
before-1,1.0,2
after-3,0.8235294117647058,17
after-0,0.6666666666666666,9
after-7,1.0,5
