file,fact-score,insights
after-5,0.8333333333333334,6
after-4,0.375,8
after-2,1.0,3
before-2,0.8571428571428571,7
after-6,1.0,2
before-0,0.6666666666666666,3
after-1,1.0,5
before-3,0.75,4
before-1,1.0,6
after-3,0.6666666666666666,9
after-0,0.5454545454545454,11
