file,fact-score,insights
after-5,1.0,8
after-4,0.96,25
after-2,0.8571428571428571,7
before-0,1.0,22
after-1,0.9166666666666666,12
before-1,1.0,20
after-3,0.875,8
after-0,0.75,8
