file,fact-score,insights
after-5,0.7777777777777778,9
after-4,1.0,9
after-2,0.7777777777777778,9
before-2,0.5,4
before-4,0.8235294117647058,17
after-6,1.0,6
before-0,0.8571428571428571,7
after-1,0.875,8
before-3,0.8,5
before-5,1.0,9
before-6,1.0,16
before-1,1.0,2
after-3,0.8461538461538461,13
after-0,0.7333333333333333,15
