file,fact-score,insights
after-5,1.0,10
before-7,0.8888888888888888,9
after-4,1.0,10
after-2,0.9230769230769231,13
before-2,0.8571428571428571,7
before-4,1.0,20
after-6,0.8,5
before-0,1.0,6
after-1,0.9285714285714286,14
before-3,1.0,5
before-5,1.0,10
before-6,1.0,3
before-1,1.0,2
after-3,0.9375,16
after-0,1.0,18
after-7,0.8888888888888888,9
