file,fact-score,insights
after-4,0.8,5
after-2,0.7272727272727273,11
before-2,1.0,15
before-0,0.6666666666666666,3
after-1,0.36363636363636365,11
before-1,0.7142857142857143,7
after-3,1.0,13
after-0,1.0,4
