file,fact-score,insights
after-2,1.0,11
before-0,0.8181818181818182,11
after-1,0.9090909090909091,11
before-1,1.0,12
after-0,1.0,5
