file,fact-score,insights
after-5,1.0,10
after-4,0.8181818181818182,11
after-2,1.0,5
before-2,1.0,7
after-6,1.0,5
before-0,1.0,14
after-1,0.9090909090909091,11
before-3,1.0,3
before-1,1.0,4
after-3,0.9285714285714286,14
after-0,1.0,5
