file,fact-score,insights
after-4,1.0,11
after-2,0.9444444444444444,18
before-0,1.0,7
after-1,0.9444444444444444,18
before-1,1.0,16
after-3,0.8,5
after-0,0.8666666666666667,15
