file,fact-score,insights
after-4,1.0,8
after-2,0.8333333333333334,6
after-6,0.6923076923076923,13
after-1,0.75,4
before-1,1.0,5
after-3,1.0,6
after-0,0.75,4
after-7,0.9230769230769231,13
