file,fact-score,insights
after-5,0.75,12
before-7,0.875,8
after-4,0.9411764705882353,17
after-2,0.8333333333333334,18
before-2,0.75,4
before-4,0.9375,16
after-6,0.8571428571428571,7
before-0,1.0,3
after-1,1.0,12
before-3,1.0,18
before-5,0.8,5
before-6,1.0,2
before-1,1.0,2
after-3,1.0,15
after-0,0.8125,16
after-7,1.0,2
