file,fact-score,insights
after-5,1.0,4
after-4,1.0,5
after-2,0.6666666666666666,6
before-2,1.0,1
after-6,0.8333333333333334,6
after-8,0.8333333333333334,12
before-0,0.7272727272727273,11
after-1,0.8333333333333334,6
before-3,1.0,2
before-1,0.3333333333333333,3
after-3,0.9090909090909091,11
after-9,1.0,1
after-0,1.0,3
after-7,0.875,8
