file,fact-score,insights
after-5,1.0,5
after-4,1.0,6
after-2,1.0,6
before-2,1.0,12
after-6,1.0,8
before-0,0.8,10
after-1,1.0,6
before-3,0.7142857142857143,7
before-1,0.8571428571428571,14
after-3,0.9090909090909091,11
after-0,1.0,5
