file,fact-score,insights
after-5,1.0,5
after-2,0.8888888888888888,9
before-2,1.0,9
after-1,0.6666666666666666,9
before-1,1.0,5
after-3,0.8333333333333334,6
after-0,0.75,4
