file,fact-score,insights
after-4,0.8181818181818182,11
after-2,0.75,4
after-1,1.0,10
before-1,0.8888888888888888,9
after-3,0.9090909090909091,11
after-0,0.9090909090909091,11
