file,fact-score,insights
after-4,1.0,4
after-2,1.0,2
before-2,0.8333333333333334,6
before-4,0.9090909090909091,11
before-0,0.8333333333333334,6
after-1,1.0,3
before-3,0.8888888888888888,9
before-1,1.0,9
after-3,1.0,9
after-0,0.8,5
