file,fact-score,insights
after-4,0.9285714285714286,14
before-2,1.0,5
before-0,1.0,6
after-1,0.9166666666666666,12
before-1,1.0,6
after-3,0.9166666666666666,12
after-0,0.8,10
