file,fact-score,insights
after-5,1.0,8
after-4,1.0,8
after-2,1.0,6
before-2,1.0,3
before-4,1.0,3
before-0,0.9375,16
after-1,0.9166666666666666,12
before-3,1.0,4
before-5,1.0,7
before-6,0.9090909090909091,11
before-1,0.8571428571428571,7
after-3,1.0,9
after-0,1.0,10
