file,fact-score,insights
after-5,0.7333333333333333,15
after-4,0.8461538461538461,13
after-6,0.9166666666666666,12
before-0,0.8181818181818182,11
after-1,1.0,13
before-1,1.0,3
after-0,0.8571428571428571,14
