file,fact-score,insights
after-5,0.88,25
after-4,1.0,16
after-6,1.0,14
before-0,1.0,8
after-1,1.0,11
before-1,0.9230769230769231,13
after-3,0.8333333333333334,12
after-0,0.9285714285714286,14
