file,fact-score,insights
after-2,1.0,9
before-2,0.8,5
before-4,1.0,3
before-0,1.0,9
after-1,1.0,5
before-3,1.0,4
before-1,0.7857142857142857,14
after-3,0.6666666666666666,3
after-0,0.8333333333333334,6
