file,fact-score,insights
after-2,1.0,5
before-0,1.0,2
after-1,1.0,8
before-1,0.4,5
after-3,0.8888888888888888,9
after-0,0.6666666666666666,3
