file,fact-score,insights
after-4,0.6,10
after-2,1.0,10
before-0,1.0,3
after-1,0.8709677419354839,31
before-1,0.8888888888888888,9
after-3,0.6666666666666666,6
after-0,1.0,11
