file,fact-score,insights
after-5,0.9285714285714286,14
after-4,0.8333333333333334,6
after-2,1.0,18
before-2,0.9,10
before-4,1.0,7
after-6,1.0,7
before-0,1.0,3
after-1,1.0,6
before-1,1.0,1
after-3,0.9230769230769231,13
after-0,1.0,11
after-7,1.0,9
