file,fact-score,insights
after-5,1.0,3
after-4,0.9230769230769231,13
after-2,1.0,1
before-2,0.5,2
before-0,1.0,5
after-1,1.0,1
before-3,0.8571428571428571,7
before-1,1.0,5
after-3,0.6666666666666666,3
after-0,1.0,1
