file,fact-score,insights
after-2,1.0,7
before-0,0.6153846153846154,13
after-1,1.0,10
before-1,0.6666666666666666,3
after-0,0.75,36
