file,fact-score,insights
after-5,0.875,8
after-4,1.0,3
after-2,0.7619047619047619,21
after-6,0.6666666666666666,3
before-0,1.0,6
after-1,0.9,10
before-1,0.8,5
after-3,1.0,12
after-0,0.75,4
