file,fact-score,insights
after-5,1.0,5
after-4,0.9285714285714286,14
after-2,0.5454545454545454,11
after-6,0.6363636363636364,11
after-8,0.9090909090909091,11
before-0,1.0,3
after-1,0.8333333333333334,6
before-1,1.0,1
after-3,1.0,7
after-9,1.0,15
after-0,0.75,4
