file,fact-score,insights
after-4,0.8666666666666667,15
after-2,1.0,4
before-0,0.8,5
before-1,1.0,5
after-3,0.75,8
after-0,0.8888888888888888,18
