file,fact-score,insights
after-2,1.0,11
before-2,0.9090909090909091,11
before-4,1.0,9
before-0,1.0,10
after-1,0.9,10
before-3,0.8333333333333334,6
before-5,1.0,7
before-1,0.8571428571428571,7
after-3,0.9473684210526315,19
after-0,1.0,5
