file,fact-score,insights
after-5,1.0,6
after-4,1.0,3
after-2,1.0,6
after-6,1.0,6
before-0,1.0,5
after-1,1.0,10
before-3,0.8333333333333334,6
before-1,0.8,5
after-3,0.8181818181818182,11
after-0,0.8333333333333334,6
