file,fact-score,insights
after-5,0.875,8
after-4,0.8571428571428571,7
after-2,1.0,4
before-2,0.75,12
before-4,1.0,4
before-0,1.0,14
after-1,1.0,7
before-3,1.0,3
before-5,1.0,9
before-6,0.8571428571428571,14
before-1,0.8333333333333334,6
after-3,1.0,8
after-0,1.0,4
