file,fact-score,insights
after-5,0.8571428571428571,7
after-4,1.0,13
after-2,0.875,8
after-6,0.9166666666666666,12
before-0,1.0,5
after-1,0.8888888888888888,9
before-1,0.6666666666666666,6
after-3,1.0,4
after-0,1.0,4
