file,fact-score,insights
after-4,1.0,3
after-2,0.7272727272727273,11
before-2,1.0,8
before-0,0.8333333333333334,6
before-1,1.0,3
after-3,1.0,10
