file,fact-score,insights
after-5,0.75,8
after-4,0.75,4
after-2,1.0,6
before-2,0.3333333333333333,3
after-6,1.0,12
after-1,1.0,4
before-3,0.8888888888888888,9
after-3,0.7,10
after-0,0.875,8
after-7,0.9090909090909091,11
