file,fact-score,insights
after-2,0.8421052631578947,19
before-2,1.0,7
before-0,1.0,5
after-1,0.7142857142857143,7
after-0,0.8571428571428571,7
