file,fact-score,insights
before-2,0.8333333333333334,6
before-0,0.8,5
after-1,1.0,10
before-1,0.6666666666666666,3
after-0,0.625,8
