file,fact-score,insights
after-2,0.875,8
before-2,0.9230769230769231,13
before-0,0.9473684210526315,19
after-1,0.9230769230769231,13
before-3,1.0,11
before-1,1.0,5
after-0,1.0,11
