file,fact-score,insights
after-5,0.7777777777777778,9
after-4,0.8181818181818182,11
after-2,1.0,9
before-2,1.0,6
before-0,1.0,5
after-1,1.0,4
before-3,0.8571428571428571,7
before-1,0.3333333333333333,3
after-0,1.0,7
