file,fact-score,insights
after-4,0.8571428571428571,7
after-2,0.5555555555555556,9
before-2,1.0,11
before-0,1.0,9
after-1,1.0,9
before-1,1.0,5
after-3,0.9166666666666666,12
after-0,1.0,5
