file,fact-score,insights
after-4,1.0,7
before-2,1.0,4
before-0,1.0,5
before-1,0.8181818181818182,11
after-3,0.7142857142857143,7
after-0,1.0,6
