file,fact-score,insights
after-2,1.0,5
before-2,1.0,8
before-0,0.8461538461538461,13
after-1,1.0,7
before-1,1.0,9
after-3,0.8181818181818182,11
after-0,1.0,9
