file,fact-score,insights
after-2,1.0,9
before-2,1.0,6
before-4,0.6666666666666666,3
before-0,0.8333333333333334,6
after-1,1.0,16
before-3,1.0,14
before-5,0.7142857142857143,7
before-6,1.0,4
before-1,0.875,8
after-0,0.8571428571428571,14
