file,fact-score,insights
after-2,0.9,10
before-2,0.8,10
before-0,0.9230769230769231,13
after-1,0.75,4
before-1,1.0,3
after-0,0.8888888888888888,9
