file,fact-score,insights
after-4,0.9,10
after-2,0.9230769230769231,13
before-0,0.7333333333333333,15
after-1,0.85,20
before-1,1.0,5
after-3,1.0,4
after-0,0.8125,16
