file,fact-score,insights
after-5,0.9166666666666666,12
after-4,1.0,7
after-2,1.0,13
before-2,1.0,3
after-6,1.0,4
before-0,1.0,27
after-1,0.782608695652174,23
before-1,0.9090909090909091,11
after-3,1.0,13
after-0,0.8095238095238095,21
