file,fact-score,insights
after-2,0.8888888888888888,9
before-2,0.9090909090909091,11
before-4,1.0,4
before-0,0.6666666666666666,12
after-1,0.5,2
before-3,0.8888888888888888,9
after-3,1.0,3
after-0,1.0,5
