file,fact-score,insights
after-5,0.75,4
after-4,0.3333333333333333,6
after-2,1.0,16
before-0,0.625,8
after-1,0.8888888888888888,9
before-1,1.0,9
after-3,0.9090909090909091,11
