file,fact-score,insights
before-2,1.0,3
before-0,0.8333333333333334,6
after-1,0.9090909090909091,11
before-1,1.0,3
after-3,0.75,4
after-0,0.8333333333333334,6
