file,fact-score,insights
after-5,1.0,4
after-4,0.6666666666666666,3
after-2,0.75,8
before-2,0.6,5
after-6,0.6666666666666666,3
before-0,1.0,6
after-1,0.9090909090909091,11
before-1,1.0,10
after-3,0.8333333333333334,6
after-0,1.0,7
