file,fact-score,insights
after-5,1.0,5
after-4,1.0,6
after-2,0.75,8
before-2,0.8888888888888888,9
before-4,1.0,14
after-6,1.0,10
before-0,0.9411764705882353,17
after-1,0.875,8
before-3,1.0,19
before-5,1.0,19
before-6,1.0,4
after-3,0.9166666666666666,12
after-0,0.8888888888888888,9
