file,fact-score,insights
after-4,0.9090909090909091,11
after-2,1.0,5
before-0,0.9545454545454546,22
after-1,1.0,15
after-3,1.0,5
after-0,1.0,10
