file,fact-score,insights
after-5,1.0,6
before-7,1.0,8
after-4,1.0,8
after-2,1.0,12
before-4,0.5714285714285714,7
after-6,1.0,5
before-0,1.0,2
after-1,0.8,5
before-5,0.9333333333333333,15
before-6,0.7777777777777778,9
before-1,1.0,1
after-3,0.9166666666666666,12
after-0,1.0,5
after-7,1.0,5
