file,fact-score,insights
after-2,1.0,8
before-2,0.0,2
before-0,0.9230769230769231,13
after-1,0.9444444444444444,18
before-1,0.6666666666666666,3
after-0,1.0,3
