file,fact-score,insights
after-5,1.0,9
after-4,0.8888888888888888,9
after-2,0.9090909090909091,11
before-2,1.0,2
before-4,0.7142857142857143,14
after-6,1.0,5
before-0,1.0,10
after-1,0.8,10
before-3,1.0,8
before-5,0.8571428571428571,7
before-6,1.0,9
before-1,0.5,2
after-3,0.8888888888888888,18
after-0,0.8888888888888888,9
