file,fact-score,insights
after-5,0.8571428571428571,7
after-4,1.0,6
after-2,0.8571428571428571,7
after-6,1.0,9
before-0,0.8235294117647058,17
before-1,0.875,8
after-3,1.0,3
after-0,0.5,2
