file,fact-score,insights
after-2,0.6,10
before-0,0.75,4
after-1,0.9285714285714286,14
before-1,0.8333333333333334,6
after-0,0.8333333333333334,18
