file,fact-score,insights
before-2,0.8666666666666667,15
after-1,0.8571428571428571,7
after-0,1.0,8
