file,fact-score,insights
after-2,0.4,5
before-0,0.8333333333333334,6
after-1,1.0,8
before-1,1.0,5
after-0,0.9090909090909091,11
