file,fact-score,insights
after-4,0.9,10
after-2,0.8823529411764706,17
before-0,0.9166666666666666,12
after-1,0.7857142857142857,14
before-1,0.8181818181818182,11
after-0,1.0,10
