file,fact-score,insights
after-5,1.0,11
after-4,0.9230769230769231,13
after-2,0.85,20
after-6,0.8181818181818182,11
after-8,1.0,10
before-0,1.0,5
after-1,0.75,8
before-1,0.5,2
after-3,1.0,7
after-9,0.8181818181818182,11
after-0,1.0,8
after-7,0.9,10
