file,fact-score,insights
after-5,1.0,8
after-4,0.8,15
after-2,1.0,11
before-2,1.0,3
before-0,1.0,7
before-1,0.8888888888888888,18
after-3,0.8333333333333334,12
after-0,1.0,10
after-7,1.0,12
