file,fact-score,insights
after-5,0.7142857142857143,7
after-4,0.8571428571428571,7
after-2,1.0,11
after-6,1.0,7
after-1,0.7777777777777778,9
before-1,0.8,5
after-3,1.0,11
after-0,1.0,8
