file,fact-score,insights
after-5,0.9354838709677419,31
after-4,0.8,15
after-2,1.0,8
before-4,1.0,6
after-6,0.8666666666666667,15
after-1,1.0,21
before-3,0.9090909090909091,11
after-3,1.0,9
after-0,0.9090909090909091,11
after-7,1.0,4
