file,fact-score,insights
after-4,0.6666666666666666,12
after-2,1.0,7
before-2,1.0,20
before-0,1.0,17
after-1,0.9166666666666666,12
before-1,1.0,12
after-3,0.9333333333333333,15
after-0,1.0,11
