file,fact-score,insights
after-2,1.0,3
before-2,1.0,12
before-4,1.0,6
before-6,0.6666666666666666,3
after-0,0.8888888888888888,9
