file,fact-score,insights
before-2,0.8571428571428571,7
before-0,0.9333333333333333,15
before-1,1.0,2
after-3,1.0,8
after-0,1.0,16
