file,fact-score,insights
after-5,0.9230769230769231,13
after-4,0.7777777777777778,9
after-2,0.6363636363636364,11
before-2,0.6,5
before-4,0.8333333333333334,12
after-6,1.0,5
before-0,1.0,9
after-1,0.8,10
before-3,1.0,1
before-1,1.0,3
after-3,0.9090909090909091,11
after-0,1.0,6
after-7,1.0,12
