file,fact-score,insights
after-5,1.0,6
after-4,0.6666666666666666,3
after-2,1.0,9
before-2,0.0,1
after-6,1.0,14
before-0,1.0,15
after-1,0.9,10
before-3,1.0,9
before-1,1.0,8
after-3,0.8333333333333334,12
after-0,0.8888888888888888,9
