file,fact-score,insights
after-4,0.9166666666666666,12
after-2,1.0,8
after-1,1.0,8
before-1,0.7777777777777778,9
after-3,0.8571428571428571,14
after-0,1.0,12
