file,fact-score,insights
after-4,1.0,9
after-2,0.6923076923076923,13
before-0,0.5,2
after-1,1.0,7
before-1,0.8888888888888888,9
after-3,0.8888888888888888,9
after-0,0.9166666666666666,12
