file,fact-score,insights
after-5,1.0,3
after-4,0.7407407407407407,54
after-2,1.0,7
before-2,1.0,6
before-0,1.0,3
after-1,1.0,3
before-3,0.8333333333333334,6
before-1,0.8888888888888888,9
after-3,1.0,4
after-0,0.8,5
