file,fact-score,insights
after-2,0.9,10
before-2,0.6666666666666666,12
before-0,0.875,8
after-1,0.9,10
before-3,0.6666666666666666,15
before-1,1.0,3
after-0,1.0,8
