file,fact-score,insights
after-5,0.8,10
after-4,0.8333333333333334,12
after-2,0.9090909090909091,11
before-2,1.0,8
after-1,0.9166666666666666,12
before-1,1.0,1
after-3,0.5454545454545454,11
after-0,1.0,7
