file,fact-score,insights
before-2,1.0,12
after-1,0.6363636363636364,11
before-3,1.0,5
before-1,0.6666666666666666,3
after-0,0.875,8
