file,fact-score,insights
after-4,1.0,8
after-2,0.8571428571428571,7
before-2,1.0,3
before-0,1.0,3
after-1,0.9411764705882353,17
before-1,1.0,5
after-3,0.8888888888888888,9
after-0,1.0,11
