file,fact-score,insights
after-5,1.0,5
after-4,1.0,6
after-2,0.7,10
before-0,0.0,3
after-1,0.9411764705882353,17
after-3,0.9166666666666666,12
after-0,0.875,8
