file,fact-score,insights
after-2,0.9090909090909091,11
before-2,1.0,3
before-0,1.0,15
after-1,0.5555555555555556,9
before-3,1.0,3
after-3,0.8888888888888888,9
after-0,0.8,5
