file,fact-score,insights
after-4,0.75,4
after-2,0.7272727272727273,11
before-0,1.0,2
after-1,0.75,4
before-1,1.0,5
after-3,0.9090909090909091,11
after-0,1.0,2
