file,fact-score,insights
after-5,0.8333333333333334,6
after-4,0.8333333333333334,6
after-2,0.8571428571428571,7
before-2,0.6666666666666666,3
after-1,0.6666666666666666,3
before-1,0.0,3
after-3,1.0,7
after-0,1.0,25
after-7,1.0,1
