file,fact-score,insights
after-5,1.0,10
after-4,1.0,11
after-2,1.0,3
before-2,0.9230769230769231,13
before-4,1.0,1
before-0,1.0,7
after-1,1.0,4
before-3,1.0,1
before-5,0.6666666666666666,3
before-6,0.625,8
before-1,0.7142857142857143,7
after-3,0.6666666666666666,3
after-0,1.0,4
