file,fact-score,insights
after-5,0.8,5
after-4,1.0,3
after-2,0.8333333333333334,6
before-2,1.0,6
before-4,1.0,1
after-6,1.0,10
before-0,0.7692307692307693,13
after-1,0.6666666666666666,6
before-3,1.0,7
before-1,0.8333333333333334,6
after-3,0.625,8
after-0,0.875,8
after-7,0.5555555555555556,9
