file,fact-score,insights
after-5,0.75,8
after-4,1.0,8
after-2,0.9166666666666666,12
before-2,1.0,2
before-0,1.0,5
after-1,0.75,12
before-3,0.8571428571428571,7
before-1,0.9090909090909091,11
after-3,1.0,7
after-0,0.75,4
