file,fact-score,insights
after-4,0.8461538461538461,13
after-2,0.8,20
before-2,0.8,5
before-0,0.9230769230769231,13
after-1,0.9285714285714286,14
before-1,1.0,8
after-3,1.0,7
after-0,0.7857142857142857,14
