file,fact-score,insights
after-5,1.0,10
after-4,0.875,8
after-2,0.8666666666666667,15
before-2,1.0,9
after-6,0.75,16
before-0,0.625,8
after-1,1.0,13
before-1,1.0,21
after-3,0.9,10
after-0,0.9473684210526315,19
after-7,1.0,9
