file,fact-score,insights
after-5,0.9166666666666666,12
after-4,0.8333333333333334,6
after-2,0.8333333333333334,6
before-0,1.0,5
after-1,1.0,9
before-1,0.75,4
after-3,1.0,4
after-0,0.9090909090909091,11
