file,fact-score,insights
after-4,0.9166666666666666,12
after-2,1.0,9
before-0,1.0,7
after-1,1.0,7
before-1,1.0,6
after-3,0.9411764705882353,17
after-0,0.9090909090909091,11
